City_ID,City,Lat,Lng,Max Temp,Humidity,Cloudiness,Wind Speed,Country,Current Description,Date
0,Severnoye,56.3491,78.3619,48.58,94,90,14.38,RU,overcast clouds,2022-06-29 19:57:31
1,Qaanaaq,77.484,-69.3632,46.89,50,12,3.27,GL,few clouds,2022-06-29 19:57:31
2,Hermanus,-34.4187,19.2345,62.4,58,9,7.14,ZA,clear sky,2022-06-29 19:57:32
3,Lorengau,-2.0226,147.2712,81.32,76,91,8.41,PG,overcast clouds,2022-06-29 19:57:32
4,Lavrentiya,65.5833,-171.0,47.14,82,94,10.45,RU,overcast clouds,2022-06-29 19:57:32
5,Bredasdorp,-34.5322,20.0403,58.78,58,43,3.58,ZA,scattered clouds,2022-06-29 19:57:33
6,Albany,42.6001,-73.9662,84.02,45,75,11.68,US,broken clouds,2022-06-29 19:52:42
7,Port Alfred,-33.5906,26.891,63.77,39,10,6.35,ZA,clear sky,2022-06-29 19:57:33
8,La Ronge,55.1001,-105.2842,71.82,37,75,11.5,CA,broken clouds,2022-06-29 19:57:34
9,Butaritari,3.0707,172.7902,81.72,78,100,15.93,KI,light rain,2022-06-29 19:57:34
10,Esperance,-33.8667,121.9,55.63,73,79,10.04,AU,broken clouds,2022-06-29 19:57:34
11,Arraial Do Cabo,-22.9661,-42.0278,78.76,57,0,11.5,BR,clear sky,2022-06-29 19:57:35
12,Tiksi,71.6872,128.8694,39.65,74,61,5.61,RU,broken clouds,2022-06-29 19:57:35
13,Pemba,-12.974,40.5178,74.1,78,40,8.05,MZ,scattered clouds,2022-06-29 19:57:35
14,Vaini,-21.2,-175.2,75.36,100,75,8.05,TO,broken clouds,2022-06-29 19:57:36
15,Kutum,14.2,24.6667,75.11,50,37,9.82,SD,scattered clouds,2022-06-29 19:57:36
16,Nakamura,32.9833,132.9333,73.33,98,26,1.88,JP,scattered clouds,2022-06-29 19:57:37
17,Udarnyy,54.3409,42.8611,52.02,74,5,2.57,RU,clear sky,2022-06-29 19:57:37
18,Humen,22.819,113.6731,84.11,76,78,7.56,CN,broken clouds,2022-06-29 19:57:38
19,Cape Town,-33.9258,18.4232,67.37,53,0,4.61,ZA,clear sky,2022-06-29 19:57:38
20,Mikhaylovsk,45.1283,42.0256,70.02,56,0,11.18,RU,clear sky,2022-06-29 19:57:38
21,Constitucion,-35.3333,-72.4167,55.58,89,100,9.69,CL,overcast clouds,2022-06-29 19:57:39
22,Meulaboh,4.1363,96.1285,75.67,84,100,6.55,ID,overcast clouds,2022-06-29 19:57:39
23,Georgetown,5.4112,100.3354,76.95,99,40,5.01,MY,thunderstorm with light rain,2022-06-29 19:56:48
24,Boyuibe,-20.4167,-63.2833,76.8,35,0,9.89,BO,clear sky,2022-06-29 19:57:40
25,Hilo,19.7297,-155.09,81.25,85,52,7.0,US,broken clouds,2022-06-29 19:57:40
26,Port Hardy,50.6996,-127.4199,57.38,94,100,5.75,CA,overcast clouds,2022-06-29 19:57:41
27,San Patricio,28.017,-97.5169,94.17,46,83,13.31,US,broken clouds,2022-06-29 19:57:41
28,Kodiak,57.79,-152.4072,57.78,79,23,4.34,US,few clouds,2022-06-29 19:57:41
29,Dukat,62.55,155.55,49.96,89,100,4.52,RU,overcast clouds,2022-06-29 19:57:42
30,Kapaa,22.0752,-159.319,79.12,74,97,5.99,US,light rain,2022-06-29 19:57:42
31,Mar Del Plata,-38.0023,-57.5575,64.42,42,0,17.27,AR,clear sky,2022-06-29 19:52:55
32,Hithadhoo,-0.6,73.0833,83.32,75,75,11.03,MV,broken clouds,2022-06-29 19:57:43
33,Ilulissat,69.2167,-51.1,37.83,89,100,7.43,GL,overcast clouds,2022-06-29 19:57:43
34,Busselton,-33.65,115.3333,47.79,85,0,9.62,AU,clear sky,2022-06-29 19:57:43
35,Beloha,-25.1667,45.05,60.75,76,1,8.23,MG,clear sky,2022-06-29 19:57:44
36,Uryupinsk,50.8047,42.0138,58.6,60,94,5.86,RU,overcast clouds,2022-06-29 19:57:44
37,Thompson,55.7435,-97.8558,62.76,55,100,10.36,CA,overcast clouds,2022-06-29 19:57:44
38,Pamplonita,7.437,-72.638,66.06,97,99,3.24,CO,overcast clouds,2022-06-29 19:57:45
39,Kashi,39.4547,75.9797,85.21,20,0,8.95,CN,clear sky,2022-06-29 19:57:45
40,Ponta Do Sol,32.6667,-17.1,71.71,71,1,5.82,PT,clear sky,2022-06-29 19:57:46
41,Dovolnoye,54.4958,79.6671,47.64,91,51,15.12,RU,broken clouds,2022-06-29 19:57:46
42,Ancud,-41.8697,-73.8203,43.23,82,79,10.38,CL,light rain,2022-06-29 19:57:47
43,Punta Arenas,-53.15,-70.9167,39.31,75,40,16.11,CL,scattered clouds,2022-06-29 19:57:47
44,Sao Gabriel Da Cachoeira,-0.1303,-67.0892,87.6,66,40,4.61,BR,light rain,2022-06-29 19:57:47
45,Bluff,-46.6,168.3333,44.8,80,100,17.6,NZ,light rain,2022-06-29 19:57:48
46,Quelimane,-17.8786,36.8883,69.75,88,40,5.99,MZ,scattered clouds,2022-06-29 19:57:48
47,Gilgit,35.9221,74.3087,86.56,31,0,1.52,PK,clear sky,2022-06-29 19:57:48
48,Severo-Kurilsk,50.6789,156.125,47.32,91,100,8.19,RU,overcast clouds,2022-06-29 19:57:49
49,Barrow,71.2906,-156.7887,46.22,79,100,19.86,US,overcast clouds,2022-06-29 19:57:49
50,Airai,-8.9266,125.4092,59.43,98,90,3.13,TL,overcast clouds,2022-06-29 19:57:49
51,Groton,41.3501,-72.0784,83.46,50,0,5.99,US,clear sky,2022-06-29 19:57:50
52,Pringsewu,-5.3582,104.9744,70.9,88,69,4.94,ID,broken clouds,2022-06-29 19:57:50
53,Saint-Philippe,-21.3585,55.7679,67.59,73,73,11.83,RE,broken clouds,2022-06-29 19:57:50
54,Vila Franca Do Campo,37.7167,-25.4333,66.61,67,1,3.09,PT,clear sky,2022-06-29 19:57:51
55,Ushuaia,-54.8,-68.3,37.02,69,40,3.44,AR,scattered clouds,2022-06-29 19:54:03
56,Longyearbyen,78.2186,15.6401,44.44,93,75,2.3,SJ,broken clouds,2022-06-29 19:54:04
57,Iwanai,42.9744,140.5089,64.18,99,100,2.21,JP,overcast clouds,2022-06-29 19:57:51
58,Provideniya,64.3833,-173.3,48.36,80,99,7.45,RU,overcast clouds,2022-06-29 19:57:52
59,Sapouy,11.5544,-1.7736,84.74,50,95,3.65,BF,overcast clouds,2022-06-29 19:57:52
60,Gat,31.61,34.7642,77.81,100,0,6.6,IL,clear sky,2022-06-29 19:57:53
61,Berlin,52.5244,13.4105,72.99,56,75,8.05,DE,broken clouds,2022-06-29 19:57:53
62,Carnarvon,-24.8667,113.6333,62.65,49,0,20.13,AU,clear sky,2022-06-29 19:55:40
63,Jamestown,42.097,-79.2353,78.53,63,49,4.0,US,scattered clouds,2022-06-29 19:56:09
64,Tabuk,17.4189,121.4443,73.45,95,100,3.13,PH,overcast clouds,2022-06-29 19:57:54
65,Castro,-24.7911,-50.0119,59.25,68,0,6.13,BR,clear sky,2022-06-29 19:57:54
66,The Valley,18.217,-63.0578,86.14,70,40,20.71,AI,haze,2022-06-29 19:57:54
67,Poum,-20.2333,164.0167,72.82,78,100,11.79,NC,overcast clouds,2022-06-29 19:57:55
68,Plonsk,52.6235,20.3755,70.61,84,9,4.41,PL,clear sky,2022-06-29 19:57:55
69,Elvas,38.8815,-7.1628,75.42,40,46,16.28,PT,scattered clouds,2022-06-29 19:57:55
70,Olinda,-8.0089,-34.8553,73.13,94,75,10.36,BR,moderate rain,2022-06-29 19:57:56
71,Bethel,41.3712,-73.414,85.05,47,1,1.01,US,clear sky,2022-06-29 19:57:56
72,Portland,45.5234,-122.6762,74.34,58,100,5.99,US,overcast clouds,2022-06-29 19:55:30
73,Mahebourg,-20.4081,57.7,70.09,56,40,8.05,MU,scattered clouds,2022-06-29 19:57:57
74,Livny,52.4253,37.6069,57.06,76,49,7.47,RU,scattered clouds,2022-06-29 19:57:57
75,Ziro,27.6333,93.8333,58.71,99,100,0.81,IN,overcast clouds,2022-06-29 19:57:58
76,Avarua,-21.2078,-159.775,77.05,78,40,6.91,CK,scattered clouds,2022-06-29 19:57:58
77,Dikson,73.5069,80.5464,32.59,97,100,11.16,RU,overcast clouds,2022-06-29 19:57:58
78,Lakshmeshwar,15.1333,75.4667,73.69,85,100,14.41,IN,overcast clouds,2022-06-29 19:57:59
79,Kasongo-Lunda,-6.4667,16.8167,70.93,41,67,2.1,CD,broken clouds,2022-06-29 19:57:59
80,East London,-33.0153,27.9116,63.43,39,0,5.97,ZA,clear sky,2022-06-29 19:58:00
81,Shiraoi,42.55,141.35,64.2,99,100,6.51,JP,overcast clouds,2022-06-29 19:58:00
82,Forrest City,35.0081,-90.7898,87.98,35,0,6.67,US,clear sky,2022-06-29 19:58:00
83,Roma,43.2128,-75.4557,75.51,51,100,3.0,US,overcast clouds,2022-06-29 19:58:01
84,Nizhnevartovsk,60.9344,76.5531,53.62,100,75,18.01,RU,light intensity shower rain,2022-06-29 19:58:01
85,Tasiilaq,65.6145,-37.6368,38.1,91,100,4.81,GL,overcast clouds,2022-06-29 19:58:02
86,Hervey Bay,-25.2986,152.8535,61.21,88,93,10.71,AU,overcast clouds,2022-06-29 19:58:02
87,Koslan,63.4564,48.8989,51.19,54,21,9.17,RU,few clouds,2022-06-29 19:58:02
88,Tuatapere,-46.1333,167.6833,46.83,88,97,6.67,NZ,overcast clouds,2022-06-29 19:58:02
89,Hobart,-42.8794,147.3294,46.26,89,75,6.91,AU,broken clouds,2022-06-29 19:55:22
90,Jalu,29.0331,21.5482,89.58,28,0,16.42,LY,clear sky,2022-06-29 19:58:03
91,Nanakuli,21.3906,-158.1547,80.62,64,100,15.39,US,overcast clouds,2022-06-29 19:58:03
92,Upernavik,72.7868,-56.1549,35.1,89,99,8.61,GL,overcast clouds,2022-06-29 19:58:04
93,Port Elizabeth,-33.918,25.5701,53.89,58,0,5.75,ZA,clear sky,2022-06-29 19:57:34
94,Plettenberg Bay,-34.0527,23.3716,62.2,50,67,5.55,ZA,broken clouds,2022-06-29 19:58:04
95,Waipawa,-41.4122,175.5153,39.87,90,1,4.94,NZ,clear sky,2022-06-29 19:58:05
96,Bathsheba,13.2167,-59.5167,86.61,70,40,27.63,BB,scattered clouds,2022-06-29 19:58:05
97,Karpathos,35.507,27.2132,75.16,73,20,19.57,GR,few clouds,2022-06-29 19:58:05
98,Rikitea,-23.1203,-134.9692,72.25,77,68,13.89,PF,light rain,2022-06-29 19:58:06
99,Yongchang,30.0381,119.7317,73.11,96,100,1.57,CN,overcast clouds,2022-06-29 19:58:06
100,Mantua,45.1667,10.7833,83.44,75,2,1.99,IT,clear sky,2022-06-29 19:58:07
101,Dhidhdhoo,6.8833,73.1,81.03,79,100,22.53,MV,overcast clouds,2022-06-29 19:58:07
102,Ko Samui,9.5357,99.9357,83.35,77,100,15.46,TH,overcast clouds,2022-06-29 19:58:07
103,Pevek,69.7008,170.3133,34.86,94,100,13.76,RU,overcast clouds,2022-06-29 19:58:08
104,Caravelas,-17.7125,-39.2481,70.66,78,5,6.62,BR,clear sky,2022-06-29 19:58:08
105,Hami,42.8,93.45,80.56,25,0,8.03,CN,clear sky,2022-06-29 19:58:08
106,Axim,4.8699,-2.2405,76.82,89,100,6.89,GH,moderate rain,2022-06-29 19:58:09
107,Santa Cruz Cabralia,-16.2781,-39.0247,73.63,78,75,6.91,BR,broken clouds,2022-06-29 19:58:09
108,Nikolskoye,59.7035,30.7861,69.69,62,0,4.32,RU,clear sky,2022-06-29 19:58:09
109,Chuy,-33.6971,-53.4616,55.85,67,13,5.99,UY,few clouds,2022-06-29 19:58:10
110,San Jose El Alto,20.65,-100.3667,79.75,25,100,10.38,MX,overcast clouds,2022-06-29 19:58:10
111,Narsaq,60.9167,-46.05,41.11,94,100,0.22,GL,overcast clouds,2022-06-29 19:58:11
112,Nabire,-3.3667,135.4833,74.41,91,16,2.62,ID,few clouds,2022-06-29 19:58:11
113,Leningradskiy,69.3833,178.4167,41.63,87,85,7.38,RU,overcast clouds,2022-06-29 19:58:11
114,Lata,40.1629,-8.3327,62.08,76,100,9.13,PT,overcast clouds,2022-06-29 19:58:12
115,Saldanha,-33.0117,17.9442,57.25,52,1,9.55,ZA,clear sky,2022-06-29 19:58:12
116,Khatanga,71.9667,102.5,47.98,57,0,11.95,RU,clear sky,2022-06-29 19:58:13
117,Kruisfontein,-34.0033,24.7314,57.22,42,4,1.5,ZA,clear sky,2022-06-29 19:58:13
118,Mataura,-46.1927,168.8643,44.47,76,100,6.6,NZ,light rain,2022-06-29 19:58:13
119,Benatky Nad Jizerou,50.2909,14.8234,68.65,96,100,3.29,CZ,very heavy rain,2022-06-29 19:58:14
120,Zhigansk,66.7697,123.3711,52.66,70,100,8.97,RU,overcast clouds,2022-06-29 19:58:14
121,Oussouye,12.485,-16.5469,84.38,71,18,10.58,SN,few clouds,2022-06-29 19:58:15
122,Alamosa,37.4695,-105.87,79.7,18,0,4.79,US,clear sky,2022-06-29 19:58:15
123,Tuktoyaktuk,69.4541,-133.0374,50.0,81,75,14.97,CA,broken clouds,2022-06-29 19:58:15
124,Dingle,10.9995,122.6711,75.94,92,100,5.57,PH,moderate rain,2022-06-29 19:58:16
125,Hobyo,5.3505,48.5268,77.36,80,14,29.12,SO,few clouds,2022-06-29 19:58:16
126,Komsomolskiy,40.4272,71.7189,84.92,32,0,2.3,UZ,clear sky,2022-06-29 19:58:16
127,Atuona,-9.8,-139.0333,77.36,81,23,21.07,PF,few clouds,2022-06-29 19:55:19
128,New Norfolk,-42.7826,147.0587,45.9,83,60,3.0,AU,broken clouds,2022-06-29 19:58:17
129,Hay River,60.8156,-115.7999,58.98,58,40,10.36,CA,scattered clouds,2022-06-29 19:57:13
130,Ahuimanu,21.4447,-157.8378,80.37,68,99,8.99,US,overcast clouds,2022-06-29 19:58:17
131,Kiruna,67.8557,20.2251,65.32,82,40,11.5,SE,scattered clouds,2022-06-29 19:58:18
132,Namibe,-15.1961,12.1522,68.41,81,32,8.72,AO,scattered clouds,2022-06-29 19:58:18
133,Batagay-Alyta,67.8006,130.4114,51.06,64,100,1.61,RU,overcast clouds,2022-06-29 19:58:18
134,Salalah,17.0151,54.0924,80.24,90,55,8.19,OM,broken clouds,2022-06-29 19:58:19
135,Takoradi,4.8845,-1.7554,76.64,89,83,8.14,GH,moderate rain,2022-06-29 19:58:19
136,Cidreira,-30.1811,-50.2056,57.45,68,0,15.1,BR,clear sky,2022-06-29 19:58:20
137,Peniche,39.3558,-9.3811,64.29,74,100,23.47,PT,overcast clouds,2022-06-29 19:58:20
138,Montepuez,-13.1256,38.9997,60.91,95,0,5.14,MZ,clear sky,2022-06-29 19:58:20
139,Fortuna,40.5982,-124.1573,65.86,85,100,1.99,US,overcast clouds,2022-06-29 19:58:21
140,Carutapera,-1.195,-46.02,80.98,79,7,8.32,BR,clear sky,2022-06-29 19:58:21
141,Berlevag,70.8578,29.0864,82.2,68,0,8.05,NO,clear sky,2022-06-29 19:58:22
142,Poplar Bluff,36.757,-90.3929,88.34,33,0,1.01,US,clear sky,2022-06-29 19:58:22
143,Harper,4.375,-7.7169,77.14,86,44,11.99,LR,light rain,2022-06-29 19:58:22
144,Manuk Mangkaw,4.8,119.85,83.98,77,100,14.29,PH,overcast clouds,2022-06-29 19:58:23
145,Makakilo City,21.3469,-158.0858,79.2,66,100,17.49,US,overcast clouds,2022-06-29 19:58:23
146,Dharchula,29.85,80.5333,73.62,97,100,0.81,IN,overcast clouds,2022-06-29 19:58:23
147,Sorland,67.667,12.6934,51.66,92,1,4.97,NO,clear sky,2022-06-29 19:58:24
148,Luganville,-15.5333,167.1667,77.9,87,97,12.46,VU,overcast clouds,2022-06-29 19:58:24
149,San Quintin,30.4833,-115.95,76.98,56,8,12.93,MX,clear sky,2022-06-29 19:58:25
150,Cherskiy,68.75,161.3,44.98,77,94,10.87,RU,overcast clouds,2022-06-29 19:58:25
151,Elk Point,42.6833,-96.6836,98.19,30,23,22.66,US,few clouds,2022-06-29 19:58:25
152,Bilibino,68.0546,166.4372,43.99,94,100,6.22,RU,heavy intensity rain,2022-06-29 19:58:26
153,Finschhafen,-6.6024,147.8681,78.57,78,87,10.33,PG,overcast clouds,2022-06-29 19:58:26
154,Sobolevo,54.4299,31.8996,62.71,91,14,6.58,RU,few clouds,2022-06-29 19:58:27
155,Bambous Virieux,-20.3428,57.7575,70.05,56,40,8.05,MU,light rain,2022-06-29 19:58:27
156,Mankono,8.0586,-6.1897,75.52,82,44,4.18,CI,light rain,2022-06-29 19:58:27
157,Petropavlovsk-Kamchatskiy,53.0452,158.6483,48.79,87,0,4.47,RU,clear sky,2022-06-29 19:58:28
158,Inisa,7.85,4.3333,72.84,95,100,7.16,NG,moderate rain,2022-06-29 19:58:28
159,Vallenar,-28.5708,-70.7581,83.19,6,0,3.96,CL,clear sky,2022-06-29 19:58:29
160,Victoria,22.2855,114.1577,83.03,91,72,5.01,HK,light rain,2022-06-29 19:58:29
161,Kaohsiung,22.6163,120.3133,84.15,83,40,4.61,TW,scattered clouds,2022-06-29 19:54:14
162,Katsuura,35.1333,140.3,74.17,93,100,11.14,JP,overcast clouds,2022-06-29 19:58:29
163,Spirit River,55.7833,-118.8361,70.23,48,9,5.93,CA,clear sky,2022-06-29 19:58:30
164,Norman Wells,65.282,-126.8329,71.64,53,20,5.75,CA,few clouds,2022-06-29 19:58:30
165,Guerrero Negro,27.9769,-114.0611,82.29,49,0,16.71,MX,clear sky,2022-06-29 19:58:31
166,Veinticinco De Mayo,-35.4323,-60.1727,64.98,39,100,3.0,AR,overcast clouds,2022-06-29 19:58:31
167,Las Tunas,20.9617,-76.9511,86.99,65,19,14.09,CU,few clouds,2022-06-29 19:58:31
168,Boundiali,9.5217,-6.4869,80.31,66,78,7.34,CI,broken clouds,2022-06-29 19:58:32
169,Matara,5.9485,80.5353,78.91,87,88,12.8,LK,overcast clouds,2022-06-29 19:58:32
170,Hamilton,39.1834,-84.5333,87.51,34,0,1.99,US,clear sky,2022-06-29 19:58:32
171,Praya,14.9215,-23.5087,75.74,73,20,18.41,CV,few clouds,2022-06-29 19:58:33
172,Deputatskiy,69.3,139.9,45.93,57,100,4.61,RU,overcast clouds,2022-06-29 19:58:33
173,Puerto Baquerizo Moreno,-0.9,-89.6,70.32,81,66,11.97,EC,broken clouds,2022-06-29 19:58:34
174,Zapolyarnyy,69.4154,30.8136,81.68,55,12,7.54,RU,few clouds,2022-06-29 19:58:34
175,Shinuhayr,39.4367,46.3179,58.12,72,0,2.44,AM,clear sky,2022-06-29 19:58:34
176,Roald,62.5833,6.1333,69.17,88,0,9.22,NO,clear sky,2022-06-29 19:58:35
177,Taoudenni,22.6783,-3.9836,106.83,7,98,11.88,ML,overcast clouds,2022-06-29 19:58:35
178,Faanui,-16.4833,-151.75,79.29,74,5,18.45,PF,light rain,2022-06-29 19:58:35
179,Crotone,39.0851,17.1178,78.26,74,0,4.29,IT,clear sky,2022-06-29 19:58:36
180,Okhotsk,59.3833,143.3,51.01,95,100,2.86,RU,overcast clouds,2022-06-29 19:58:36
181,Rio Grande,-32.035,-52.0986,64.51,75,0,7.25,BR,clear sky,2022-06-29 19:58:37
182,Mount Gambier,-37.8333,140.7667,44.51,93,100,3.44,AU,fog,2022-06-29 19:58:37
183,Dera Bugti,29.0307,69.151,90.59,46,4,8.55,PK,clear sky,2022-06-29 19:58:37
184,Pospelikha,51.95,81.7667,54.97,78,100,14.12,RU,overcast clouds,2022-06-29 19:58:38
185,Juneau,58.3019,-134.4197,64.09,100,100,1.92,US,overcast clouds,2022-06-29 19:55:26
186,Sola,-13.8833,167.55,80.62,78,29,21.99,VU,scattered clouds,2022-06-29 19:58:38
187,Turtas,58.9417,69.1325,48.97,70,56,13.8,RU,broken clouds,2022-06-29 19:58:38
188,Bandarbeyla,9.4942,50.8122,77.58,78,27,31.38,SO,scattered clouds,2022-06-29 19:58:39
189,Vao,-22.6667,167.4833,70.38,60,2,14.47,NC,clear sky,2022-06-29 19:58:39
190,Aden,12.7794,45.0367,87.04,75,3,6.17,YE,clear sky,2022-06-29 19:56:38
191,Mananara,-16.1667,49.7667,68.07,82,71,9.24,MG,light rain,2022-06-29 19:58:40
192,Nikolayevsk-Na-Amure,53.1406,140.73,54.39,88,0,2.71,RU,clear sky,2022-06-29 19:58:40
193,Kaitangata,-46.2817,169.8464,42.67,81,100,6.73,NZ,overcast clouds,2022-06-29 19:58:40
194,Ponta Delgada,37.7333,-25.6667,66.92,77,20,6.91,PT,few clouds,2022-06-29 19:58:41
195,Sri Aman,1.2376,111.4621,73.45,100,99,1.14,MY,overcast clouds,2022-06-29 19:58:41
196,Mtwara,-10.2667,40.1833,68.85,88,84,8.52,TZ,broken clouds,2022-06-29 19:58:41
197,Akonolinga,3.7667,12.25,68.16,97,88,1.83,CM,light rain,2022-06-29 19:58:42
198,Adrar,20.5022,-10.0711,97.45,14,0,9.8,MR,clear sky,2022-06-29 19:58:42
199,Mitu,1.1983,-70.1733,81.36,81,61,2.15,CO,broken clouds,2022-06-29 19:58:43
200,Vardo,70.3705,31.1107,53.58,87,0,8.05,NO,clear sky,2022-06-29 19:58:43
201,Cabo San Lucas,22.8909,-109.9124,92.61,63,14,3.0,MX,few clouds,2022-06-29 19:58:43
202,Dzhebariki-Khaya,62.2167,135.8,61.83,93,100,2.44,RU,light rain,2022-06-29 19:58:44
203,Tazovskiy,67.4667,78.7,50.07,54,99,19.93,RU,overcast clouds,2022-06-29 19:58:44
204,Lao Cai,22.4833,103.95,76.19,98,96,1.23,VN,overcast clouds,2022-06-29 19:53:54
205,Qaqortoq,60.7167,-46.0333,41.29,91,100,1.16,GL,overcast clouds,2022-06-29 19:58:44
206,Puerto Ayora,-0.7393,-90.3518,78.76,87,82,5.99,EC,broken clouds,2022-06-29 19:58:45
207,Coquimbo,-29.9533,-71.3436,62.33,59,0,14.97,CL,clear sky,2022-06-29 19:58:45
208,Whitehorse,60.7161,-135.0538,79.11,43,75,4.61,CA,thunderstorm with light rain,2022-06-29 19:54:10
209,Souillac,-20.5167,57.5167,70.18,56,40,8.05,MU,light rain,2022-06-29 19:58:46
210,Villa Rica,33.7321,-84.9191,88.45,76,100,2.71,US,overcast clouds,2022-06-29 19:58:46
211,Manokwari,-0.8667,134.0833,78.28,66,68,6.4,ID,broken clouds,2022-06-29 19:58:46
212,Kokopo,-4.352,152.2633,76.82,84,65,8.66,PG,broken clouds,2022-06-29 19:58:47
213,Chekhov,55.1431,37.4711,62.85,70,0,3.56,RU,clear sky,2022-06-29 19:58:47
214,Andijon,40.7821,72.3442,76.28,20,0,6.13,UZ,clear sky,2022-06-29 19:58:47
215,Bartica,6.4,-58.6167,84.52,96,100,2.95,GY,overcast clouds,2022-06-29 19:58:48
216,Lompoc,34.6391,-120.4579,93.78,63,4,8.01,US,clear sky,2022-06-29 19:58:48
217,Nome,64.5011,-165.4064,56.16,74,100,6.22,US,overcast clouds,2022-06-29 19:58:49
218,Mount Isa,-20.7333,139.5,56.97,82,100,11.5,AU,overcast clouds,2022-06-29 19:58:49
219,Balykshi,47.0667,51.8667,62.6,31,0,8.95,KZ,clear sky,2022-06-29 19:58:49
220,Namatanai,-3.6667,152.4333,78.53,83,100,6.49,PG,light rain,2022-06-29 19:58:50
221,Kuandian,40.7286,124.7847,66.6,97,86,0.45,CN,overcast clouds,2022-06-29 19:58:50
222,Eyl,7.9803,49.8164,79.86,70,26,25.86,SO,scattered clouds,2022-06-29 19:58:50
223,Port Macquarie,-31.4333,152.9167,50.9,75,100,5.01,AU,overcast clouds,2022-06-29 19:58:51
224,Kichera,55.9375,110.0997,61.97,89,53,2.04,RU,broken clouds,2022-06-29 19:58:51
225,Half Moon Bay,37.4636,-122.4286,78.8,68,75,17.27,US,mist,2022-06-29 19:58:52
226,Alice Springs,-23.7,133.8833,38.75,70,0,8.05,AU,clear sky,2022-06-29 19:57:31
227,Soller,39.7662,2.7152,79.86,68,0,4.25,ES,clear sky,2022-06-29 19:58:52
228,Karasburg,-28.0167,18.75,54.66,46,0,12.24,NA,clear sky,2022-06-29 19:58:52
229,Bengkulu,-3.8004,102.2655,73.53,91,100,15.35,ID,moderate rain,2022-06-29 19:58:53
230,Abu Dhabi,24.4667,54.3667,91.51,66,0,0.0,AE,clear sky,2022-06-29 19:58:53
231,Vieques,18.425,-65.8329,88.72,79,74,18.05,PR,broken clouds,2022-06-29 19:58:53
232,Umtata,-31.5889,28.7844,50.9,41,0,3.78,ZA,clear sky,2022-06-29 19:58:54
233,Sao Felix Do Xingu,-6.6447,-51.995,88.61,42,92,3.36,BR,overcast clouds,2022-06-29 19:58:54
234,Palmer,42.1584,-72.3287,84.15,41,32,1.01,US,scattered clouds,2022-06-29 19:58:54
235,Birjand,32.8663,59.2211,84.67,17,0,11.5,IR,clear sky,2022-06-29 19:58:55
236,Aripuana,-9.1667,-60.6333,91.08,31,6,2.24,BR,clear sky,2022-06-29 19:58:47
237,Kudahuvadhoo,2.6708,72.8944,82.47,74,95,6.08,MV,overcast clouds,2022-06-29 19:58:55
238,Chokurdakh,70.6333,147.9167,51.93,51,11,18.14,RU,few clouds,2022-06-29 19:58:56
239,Hasaki,35.7333,140.8333,73.29,83,100,5.95,JP,overcast clouds,2022-06-29 19:58:56
240,Lagoa,39.05,-27.9833,65.52,77,0,4.16,PT,clear sky,2022-06-29 19:58:57
241,Saint Anthony,45.0205,-93.218,90.34,44,40,16.11,US,scattered clouds,2022-06-29 19:56:29
242,Hualmay,-11.0964,-77.6139,67.21,67,2,8.5,PE,clear sky,2022-06-29 19:57:30
243,Salvador,13.8333,-88.9167,88.05,57,39,1.57,SV,scattered clouds,2022-06-29 19:58:57
244,Antonina,-25.4286,-48.7119,76.68,1,0,0.65,BR,clear sky,2022-06-29 19:58:57
245,Laela,-8.5667,32.05,57.29,63,100,3.94,TZ,overcast clouds,2022-06-29 19:58:58
246,San Cristobal,7.7669,-72.225,77.18,84,99,1.36,VE,overcast clouds,2022-06-29 19:58:58
247,Conceicao Do Araguaia,-8.2578,-49.2647,90.93,33,95,4.12,BR,overcast clouds,2022-06-29 19:58:59
248,Sheridan,44.8333,-106.9173,85.01,30,72,7.0,US,broken clouds,2022-06-29 19:54:34
249,Tessalit,20.1986,1.0114,100.87,9,8,5.73,ML,clear sky,2022-06-29 19:58:59
250,Luang Prabang,19.8856,102.1347,74.7,99,100,1.63,LA,overcast clouds,2022-06-29 19:59:00
251,Storsteinnes,69.2408,19.2344,61.45,84,58,4.68,NO,broken clouds,2022-06-29 19:59:00
252,Mnogovershinnyy,53.9353,139.9242,56.52,79,0,1.66,RU,clear sky,2022-06-29 19:59:00
253,Los Corrales De Buelna,43.2636,-4.0726,58.1,89,100,1.99,ES,overcast clouds,2022-06-29 19:59:01
254,Kapit,2.0167,112.9333,72.54,99,98,1.12,MY,overcast clouds,2022-06-29 19:59:01
255,Samarai,-10.6167,150.6667,80.51,83,33,13.6,PG,scattered clouds,2022-06-29 19:59:01
256,Tifton,31.4505,-83.5085,89.31,37,87,8.39,US,heavy intensity rain,2022-06-29 19:59:02
257,Pokaran,26.9167,71.9167,90.84,58,100,25.08,IN,overcast clouds,2022-06-29 19:59:02
258,Bubaque,11.2833,-15.8333,80.55,80,39,10.54,GW,scattered clouds,2022-06-29 19:59:03
259,Winslow,35.0242,-110.6974,84.38,32,75,18.41,US,broken clouds,2022-06-29 19:59:03
260,Geraldton,-28.7667,114.6,48.61,76,0,3.44,AU,clear sky,2022-06-29 19:55:13
261,Dustlik,40.5247,68.0358,88.05,16,0,7.4,UZ,clear sky,2022-06-29 19:59:03
262,Polovinnoye,54.7914,65.9864,43.09,96,37,10.71,RU,scattered clouds,2022-06-29 19:59:04
263,West Plains,36.7281,-91.8524,91.81,46,0,4.0,US,clear sky,2022-06-29 19:59:04
264,Pontianak,-0.0333,109.3333,75.18,100,75,2.3,ID,broken clouds,2022-06-29 19:59:04
265,College,64.8569,-147.8028,71.58,52,17,6.29,US,few clouds,2022-06-29 19:59:05
266,Yellowknife,62.456,-114.3525,59.56,51,20,6.91,CA,few clouds,2022-06-29 19:58:14
267,Sao Jose Da Coroa Grande,-8.8978,-35.1478,76.19,82,90,10.76,BR,overcast clouds,2022-06-29 19:59:05
268,Praia Da Vitoria,38.7333,-27.0667,70.05,83,75,4.32,PT,broken clouds,2022-06-29 19:59:06
269,Neiafu,-18.65,-173.9833,77.68,94,20,0.0,TO,few clouds,2022-06-29 19:59:06
270,Port Moresby,-9.4431,147.1797,74.19,84,12,3.36,PG,few clouds,2022-06-29 19:59:06
271,Haines Junction,60.7522,-137.5108,78.01,36,17,4.07,CA,few clouds,2022-06-29 19:59:07
272,Trenggalek,-8.05,111.7167,72.86,94,97,2.35,ID,light rain,2022-06-29 19:54:35
273,Hofn,64.2539,-15.2082,51.22,88,22,7.4,IS,few clouds,2022-06-29 19:59:07
274,Leshukonskoye,64.8989,45.7622,48.65,77,5,5.82,RU,clear sky,2022-06-29 19:59:08
275,Santa Maria,-29.6842,-53.8069,60.1,51,0,1.14,BR,clear sky,2022-06-29 19:59:08
276,Ribeira Grande,38.5167,-28.7,70.2,88,40,8.05,PT,scattered clouds,2022-06-29 19:59:09
277,Ust-Nera,64.5667,143.2,56.55,65,98,5.32,RU,overcast clouds,2022-06-29 19:59:09
278,Domoni,-12.2569,44.5319,73.62,70,2,7.4,KM,clear sky,2022-06-29 19:59:09
279,Itarema,-2.9248,-39.9167,79.65,79,85,13.8,BR,overcast clouds,2022-06-29 19:59:10
280,Aqtobe,50.2797,57.2072,53.69,62,0,8.95,KZ,clear sky,2022-06-29 19:59:10
281,Loharu,28.45,75.8167,94.35,44,18,8.97,IN,few clouds,2022-06-29 19:59:10
282,Les Cayes,18.2,-73.75,86.13,63,99,8.68,HT,overcast clouds,2022-06-29 19:59:11
283,Balud,10.1476,123.6953,80.56,80,100,7.34,PH,overcast clouds,2022-06-29 19:59:11
284,Wuda,39.4994,106.7117,72.27,47,4,5.55,CN,clear sky,2022-06-29 19:59:11
285,Sanford,28.8006,-81.2731,96.12,56,81,5.99,US,broken clouds,2022-06-29 19:59:12
286,Nokaneng,-19.6667,22.2667,54.88,64,50,5.46,BW,scattered clouds,2022-06-29 19:59:12
287,Gigmoto,13.7796,124.39,80.4,84,100,9.86,PH,overcast clouds,2022-06-29 19:59:13
288,Shelburne,44.0787,-80.2041,68.31,72,35,10.87,CA,scattered clouds,2022-06-29 19:56:42
289,Lebu,-37.6167,-73.65,52.21,79,3,6.08,CL,clear sky,2022-06-29 19:59:13
290,Ban Phai,16.06,102.731,82.62,69,72,13.98,TH,broken clouds,2022-06-29 19:59:13
291,Vadso,70.0744,29.7487,83.28,44,0,2.3,NO,clear sky,2022-06-29 19:59:14
292,Brigantine,39.4101,-74.3646,85.19,59,0,14.07,US,clear sky,2022-06-29 19:59:14
293,Mana,5.6592,-53.7767,73.09,98,100,2.8,GF,light rain,2022-06-29 19:59:14
294,Bhimunipatnam,17.8833,83.4333,81.91,80,100,12.97,IN,overcast clouds,2022-06-29 19:59:15
295,Pisco,-13.7,-76.2167,66.25,63,0,9.22,PE,clear sky,2022-06-29 19:59:15
296,Westport,41.1415,-73.3579,86.31,47,0,5.01,US,clear sky,2022-06-29 19:59:16
297,Sumbe,-11.2061,13.8437,69.75,88,57,8.66,AO,broken clouds,2022-06-29 19:59:16
298,Saint-Pierre,-21.3393,55.4781,67.68,73,100,19.57,RE,overcast clouds,2022-06-29 19:59:16
299,Punta De Bombon,-17.1717,-71.7931,63.72,73,68,5.55,PE,broken clouds,2022-06-29 19:59:17
300,Kloulklubed,7.0419,134.2556,83.97,72,78,10.54,PW,broken clouds,2022-06-29 19:59:17
301,Halden,59.1226,11.3871,64.83,68,90,1.97,NO,overcast clouds,2022-06-29 19:59:18
302,Panguiranan,12.0699,123.3185,81.66,77,100,10.29,PH,moderate rain,2022-06-29 19:59:18
303,Mahuva,21.0914,71.7622,83.84,80,100,15.32,IN,overcast clouds,2022-06-29 19:59:18
304,Katangli,51.7102,143.2326,48.29,90,3,5.46,RU,clear sky,2022-06-29 19:59:19
305,Kosh-Agach,50.0,88.6667,55.06,41,96,1.54,RU,overcast clouds,2022-06-29 19:59:19
306,Karratha,-20.7377,116.8463,64.51,34,0,21.61,AU,clear sky,2022-06-29 19:59:19
307,Alyangula,-13.8483,136.4192,72.75,76,100,16.37,AU,overcast clouds,2022-06-29 19:59:20
308,Logan,41.7355,-111.8344,89.04,31,63,4.0,US,broken clouds,2022-06-29 19:57:47
309,Redding,40.5865,-122.3917,96.62,14,0,1.99,US,clear sky,2022-06-29 19:57:46
310,Luderitz,-26.6481,15.1594,69.8,39,0,11.18,NA,clear sky,2022-06-29 19:59:20
311,Saint George,37.1041,-113.5841,106.63,18,22,11.01,US,few clouds,2022-06-29 19:58:21
312,Egvekinot,66.3167,-179.1667,37.17,98,100,7.43,RU,overcast clouds,2022-06-29 19:59:21
313,Marquette,46.5333,-87.6335,70.77,64,100,3.49,US,overcast clouds,2022-06-29 19:59:21
314,Mazatan,14.8667,-92.45,84.72,73,57,6.04,MX,broken clouds,2022-06-29 19:59:22
315,Piopio,-38.4667,175.0167,45.09,99,14,3.04,NZ,few clouds,2022-06-29 19:59:22
316,Rawson,-43.3002,-65.1023,45.88,58,13,27.25,AR,few clouds,2022-06-29 19:59:22
317,Pochutla,15.7432,-96.4661,89.82,60,29,7.61,MX,scattered clouds,2022-06-29 19:59:23
318,Samana,19.2056,-69.3369,91.62,62,40,11.5,DO,scattered clouds,2022-06-29 19:59:23
319,Kapoeta,4.7717,33.5903,75.45,64,17,5.14,SS,few clouds,2022-06-29 19:59:24
320,Mae Chan,20.1467,99.8526,76.78,98,100,1.68,TH,overcast clouds,2022-06-29 19:59:24
321,Auki,-8.7676,160.7034,77.43,87,15,3.89,SB,few clouds,2022-06-29 19:59:24
322,Thinadhoo,0.5333,72.9333,82.87,73,65,6.22,MV,broken clouds,2022-06-29 19:59:24
323,Bilma,18.6853,12.9164,94.6,21,78,9.62,NE,broken clouds,2022-06-29 19:59:25
324,Torbat-E Jam,35.244,60.6225,86.95,26,0,29.46,IR,clear sky,2022-06-29 19:59:25
325,Apodi,-5.6642,-37.7989,84.42,53,100,6.04,BR,light rain,2022-06-29 19:59:26
326,Kankan,10.3854,-9.3057,81.59,64,55,6.53,GN,broken clouds,2022-06-29 19:59:26
327,Marrakesh,31.6315,-8.0083,80.67,41,0,12.66,MA,clear sky,2022-06-29 19:55:03
328,Fecamp,49.7579,0.3746,61.68,82,100,6.13,FR,light rain,2022-06-29 19:59:26
329,Padang,-0.9492,100.3543,74.1,97,100,7.49,ID,light rain,2022-06-29 19:59:27
330,Astana,51.1801,71.446,49.95,62,40,6.71,KZ,scattered clouds,2022-06-29 19:59:27
331,Christchurch,-43.5333,172.6333,43.48,93,28,3.44,NZ,scattered clouds,2022-06-29 19:55:44
332,Talnakh,69.4865,88.3972,54.21,50,100,9.1,RU,overcast clouds,2022-06-29 19:59:28
333,Banepa,27.6298,85.5214,68.32,94,75,2.3,NP,broken clouds,2022-06-29 19:59:28
334,Kjopsvik,68.097,16.3742,56.17,92,95,2.39,NO,overcast clouds,2022-06-29 19:59:28
335,Masallatah,32.6167,14.0,86.02,30,1,5.66,LY,clear sky,2022-06-29 19:59:29
336,Klaksvik,62.2266,-6.589,52.72,99,98,15.14,FO,overcast clouds,2022-06-29 19:59:29
337,Sistranda,63.7256,8.834,62.56,86,93,21.65,NO,overcast clouds,2022-06-29 19:59:30
338,Arucas,28.1198,-15.5233,69.82,77,49,16.51,ES,scattered clouds,2022-06-29 19:59:30
339,Ourinhos,-22.9789,-49.8706,72.3,60,0,7.92,BR,clear sky,2022-06-29 19:59:30
340,Cavalcante,-13.7975,-47.4583,81.16,28,0,0.65,BR,clear sky,2022-06-29 19:59:31
341,Aksu,41.1231,80.2644,82.22,26,1,6.82,CN,clear sky,2022-06-29 19:59:31
342,Alofi,-19.0595,-169.9187,75.09,94,81,6.91,NU,broken clouds,2022-06-29 19:59:32
343,Clyde River,70.4692,-68.5914,41.23,81,20,11.5,CA,few clouds,2022-06-29 19:59:32
344,Ystad,55.4297,13.8204,66.94,81,85,3.6,SE,overcast clouds,2022-06-29 19:59:33
345,Sarangani,5.4033,125.4636,83.59,73,99,7.45,PH,overcast clouds,2022-06-29 19:59:33
346,Campina Verde,-19.5356,-49.4864,81.54,31,0,6.22,BR,clear sky,2022-06-29 19:59:34
347,Seoul,37.5683,126.9778,72.79,94,100,8.05,KR,heavy intensity rain,2022-06-29 19:56:12
348,Grindavik,63.8424,-22.4338,55.87,71,0,12.66,IS,clear sky,2022-06-29 19:59:34
349,Isangel,-19.55,169.2667,71.47,77,44,11.79,VU,scattered clouds,2022-06-29 19:59:34
350,Torbay,47.6666,-52.7314,73.76,92,100,16.11,CA,overcast clouds,2022-06-29 19:59:35
351,Borogontsy,62.6683,131.1683,59.47,99,100,2.59,RU,light rain,2022-06-29 19:59:35
352,Mayo,38.8876,-76.5119,88.93,61,0,3.0,US,clear sky,2022-06-29 19:59:35
353,Tiznit,29.5833,-9.5,63.27,81,39,6.82,MA,scattered clouds,2022-06-29 19:59:36
354,Laguna,38.421,-121.4238,93.31,35,0,9.22,US,clear sky,2022-06-29 19:59:36
355,Nantucket,41.2835,-70.0995,75.09,75,0,9.78,US,clear sky,2022-06-29 19:59:36
356,Codrington,-38.2667,141.9667,46.04,90,95,1.63,AU,overcast clouds,2022-06-29 19:59:37
357,Yaan,7.3833,8.5667,76.5,82,100,6.38,NG,overcast clouds,2022-06-29 19:59:37
358,Sao Filipe,14.8961,-24.4956,74.37,74,88,13.42,CV,overcast clouds,2022-06-29 19:59:37
359,Mosquera,4.7059,-74.2302,60.89,72,75,4.61,CO,light intensity drizzle,2022-06-29 19:59:38
360,Correntina,-13.3433,-44.6367,82.0,27,1,3.18,BR,clear sky,2022-06-29 19:59:38
361,Madhipura,25.9167,86.7833,77.9,94,100,9.01,IN,overcast clouds,2022-06-29 19:59:39
362,Nemuro,43.3236,145.575,51.62,92,87,7.85,JP,overcast clouds,2022-06-29 19:59:39
363,Kahului,20.8947,-156.47,78.84,83,79,10.0,US,broken clouds,2022-06-29 19:59:39
364,Prince Rupert,54.3161,-130.3201,56.89,96,100,4.61,CA,overcast clouds,2022-06-29 19:59:40
365,Horodok,49.1637,26.5839,69.42,68,23,10.76,UA,few clouds,2022-06-29 19:59:40
366,Genhe,50.7833,121.5167,60.1,84,38,1.9,CN,scattered clouds,2022-06-29 19:59:40
367,Gombe,10.2897,11.1673,77.2,72,7,1.28,NG,moderate rain,2022-06-29 19:59:41
368,Shimoda,34.6667,138.95,75.11,92,100,11.7,JP,overcast clouds,2022-06-29 19:59:41
369,Salamiyah,35.0113,37.0532,76.51,46,0,7.83,SY,clear sky,2022-06-29 19:59:42
370,Sterling,39.0062,-77.4286,89.4,51,75,8.99,US,broken clouds,2022-06-29 19:58:54
371,Valley City,46.9233,-98.0032,75.72,64,0,16.11,US,clear sky,2022-06-29 19:57:17
372,Sitka,57.0531,-135.33,58.73,87,100,4.68,US,overcast clouds,2022-06-29 19:59:42
373,Zhangjiakou,40.81,114.8794,64.35,81,45,2.17,CN,scattered clouds,2022-06-29 19:55:58
374,Aguililla,18.7333,-102.7333,81.55,59,96,3.2,MX,overcast clouds,2022-06-29 19:59:43
375,La Ciotat,43.1748,5.6045,75.09,74,0,6.02,FR,clear sky,2022-06-29 19:59:43
376,Richards Bay,-28.783,32.0377,60.75,65,83,3.85,ZA,broken clouds,2022-06-29 19:59:43
377,Ahipara,-35.1667,173.1667,57.61,79,62,18.84,NZ,broken clouds,2022-06-29 19:59:44
378,Marsh Harbour,26.5412,-77.0636,82.31,76,93,14.74,BS,overcast clouds,2022-06-29 19:59:44
379,Riyadh,24.6877,46.7219,95.14,11,1,10.07,SA,clear sky,2022-06-29 19:58:40
380,Snezhnogorsk,69.1933,33.2531,69.58,65,43,6.49,RU,scattered clouds,2022-06-29 19:59:45
381,Brae,60.3964,-1.353,56.79,84,98,17.98,GB,overcast clouds,2022-06-29 19:59:45
382,Sozimskiy,59.7418,52.2482,47.64,72,99,6.2,RU,overcast clouds,2022-06-29 19:59:45
383,Santa Cruz,-17.8,-63.1667,78.85,36,0,9.22,BO,clear sky,2022-06-29 19:58:48
384,Nanortalik,60.1432,-45.2371,40.24,96,100,4.27,GL,overcast clouds,2022-06-29 19:59:46
385,Kaeo,-35.1,173.7833,54.32,91,27,14.54,NZ,scattered clouds,2022-06-29 19:59:46
386,Pedernales,18.0384,-71.744,87.57,57,100,8.84,DO,overcast clouds,2022-06-29 19:59:47
387,Vila Velha,-20.3297,-40.2925,78.75,75,0,11.5,BR,clear sky,2022-06-29 19:59:47
388,Columbus,39.9612,-82.9988,87.33,30,0,5.75,US,clear sky,2022-06-29 19:56:28
389,Svobodnyy,51.4,128.1333,64.08,89,6,3.31,RU,clear sky,2022-06-29 19:59:48
390,Riohacha,11.5444,-72.9072,86.11,74,100,13.8,CO,overcast clouds,2022-06-29 19:59:48
391,Garachine,8.0647,-78.3628,81.95,78,33,5.53,PA,scattered clouds,2022-06-29 19:59:49
392,Sur,22.5667,59.5289,86.76,68,94,16.11,OM,overcast clouds,2022-06-29 19:59:49
393,Witbank,-25.8713,29.2332,46.63,50,0,2.04,ZA,clear sky,2022-06-29 19:59:49
394,Colac,-38.3333,143.5833,45.18,76,78,2.17,AU,moderate rain,2022-06-29 19:59:50
395,Beringovskiy,63.05,179.3167,47.35,83,20,14.29,RU,few clouds,2022-06-29 19:59:50
396,San Policarpo,12.1791,125.5072,79.43,86,100,8.81,PH,light rain,2022-06-29 19:59:50
397,Olafsvik,64.8945,-23.7142,53.73,80,95,9.04,IS,overcast clouds,2022-06-29 19:59:51
398,Elat,29.5581,34.9482,94.84,20,0,11.5,IL,clear sky,2022-06-29 19:58:25
399,Maragogi,-9.0122,-35.2225,75.65,84,83,10.29,BR,broken clouds,2022-06-29 19:59:51
400,Campeche,19.0,-90.5,98.24,30,15,4.29,MX,few clouds,2022-06-29 19:55:15
401,Honiara,-9.4333,159.95,76.87,86,5,7.54,SB,clear sky,2022-06-29 19:59:52
402,Frederico Westphalen,-27.3592,-53.3944,52.45,78,0,1.1,BR,clear sky,2022-06-29 19:59:52
403,Copiapo,-27.3667,-70.3333,58.69,11,0,5.48,CL,clear sky,2022-06-29 19:55:01
404,Tooele,40.5308,-112.2983,91.56,22,0,16.11,US,clear sky,2022-06-29 19:59:00
405,Guayaramerin,-10.8368,-65.3614,89.78,32,64,4.25,BO,broken clouds,2022-06-29 19:59:53
406,Prabumulih,-3.45,104.25,72.18,98,100,1.9,ID,overcast clouds,2022-06-29 19:59:53
407,Nova Olimpia,-14.7972,-57.2881,86.11,34,4,1.34,BR,clear sky,2022-06-29 19:59:54
408,Otane,-39.8833,176.6333,45.01,96,18,3.29,NZ,few clouds,2022-06-29 19:59:54
409,Puerto Escondido,15.85,-97.0667,86.9,66,27,8.86,MX,scattered clouds,2022-06-29 19:59:54
410,Sandnessjoen,66.0217,12.6316,61.32,88,20,12.66,NO,few clouds,2022-06-29 19:59:55
411,Lundazi,-12.2929,33.1782,54.79,91,7,4.72,ZM,clear sky,2022-06-29 19:59:55
412,Mahajanga,-15.7167,46.3167,71.62,56,20,8.05,MG,few clouds,2022-06-29 19:59:56
413,Lakes Entrance,-37.8811,147.981,44.17,73,100,3.31,AU,light rain,2022-06-29 19:59:56
414,Ternate,0.8,127.4,80.13,81,36,5.01,ID,scattered clouds,2022-06-29 19:59:56
415,Kavaratti,10.5669,72.642,82.08,79,100,23.0,IN,overcast clouds,2022-06-29 19:59:57
416,Yatou,37.15,122.3833,71.91,99,100,5.39,CN,overcast clouds,2022-06-29 19:59:57
417,Azul,-36.777,-59.8585,58.33,38,100,10.92,AR,overcast clouds,2022-06-29 19:56:31
418,Nizhnedevitsk,51.5419,38.3657,59.09,74,51,7.94,RU,broken clouds,2022-06-29 19:59:58
419,Ust-Karsk,52.7011,118.8077,65.37,77,22,1.25,RU,few clouds,2022-06-29 19:59:58
420,Vostok,46.4856,135.8833,58.91,92,100,2.95,RU,overcast clouds,2022-06-29 19:59:58
421,Faya,18.3851,42.4509,78.91,42,35,5.12,SA,scattered clouds,2022-06-29 19:59:59
422,Ligayan,4.6533,119.4706,84.02,77,100,13.85,PH,light rain,2022-06-29 19:59:59
423,Kununurra,-15.7667,128.7333,67.98,64,100,10.36,AU,overcast clouds,2022-06-29 20:00:00
424,San Carlos De Bariloche,-41.1456,-71.3082,40.75,60,40,21.85,AR,scattered clouds,2022-06-29 19:59:29
425,Barreirinhas,-2.7469,-42.8264,79.77,84,58,6.33,BR,light rain,2022-06-29 20:00:00
426,Walvis Bay,-22.9575,14.5053,71.33,36,0,4.68,NA,clear sky,2022-06-29 20:00:01
427,Sale,34.0389,-6.8166,70.63,78,20,5.75,MA,few clouds,2022-06-29 20:00:01
428,Shingu,33.7333,135.9833,72.95,93,12,6.38,JP,few clouds,2022-06-29 20:00:02
429,Cayenne,4.9333,-52.3333,75.24,1,75,3.44,GF,light rain,2022-06-29 20:00:03
430,Takhatgarh,25.3333,73.0,90.07,60,100,17.92,IN,overcast clouds,2022-06-29 20:00:03
431,Bengbu,32.9408,117.3608,78.17,84,66,4.97,CN,broken clouds,2022-06-29 19:58:23
432,Autazes,-3.5797,-59.1306,90.37,43,22,3.13,BR,few clouds,2022-06-29 20:00:04
433,Korla,41.7597,86.1469,82.02,30,5,5.93,CN,clear sky,2022-06-29 20:00:05
434,Chik,54.9928,82.4311,57.34,82,100,15.66,RU,overcast clouds,2022-06-29 20:00:05
435,Khanpur,28.6453,70.6567,96.87,41,14,22.59,PK,few clouds,2022-06-29 20:00:06
436,Kodinsk,58.6881,99.1844,57.47,72,38,4.03,RU,scattered clouds,2022-06-29 20:00:06
437,Khuzdar,27.7384,66.6434,82.2,55,100,9.55,PK,overcast clouds,2022-06-29 20:00:07
438,Acapulco,16.8634,-99.8901,86.5,67,41,8.93,MX,scattered clouds,2022-06-29 19:56:46
439,Puerto Del Rosario,28.5004,-13.8627,71.35,64,40,23.02,ES,scattered clouds,2022-06-29 20:00:08
440,North Bend,43.4065,-124.2243,72.25,100,42,1.01,US,scattered clouds,2022-06-29 20:00:09
441,Severobaykalsk,55.65,109.3167,54.46,97,71,2.57,RU,light rain,2022-06-29 20:00:09
442,Bull Savanna,17.8868,-77.5902,81.19,74,72,9.6,JM,moderate rain,2022-06-29 20:00:10
443,Tigil,57.8,158.6667,60.84,62,0,7.25,RU,clear sky,2022-06-29 20:00:11
444,Jinchang,38.4953,102.1739,73.45,32,96,2.51,CN,overcast clouds,2022-06-29 20:00:11
445,Harnosand,62.6323,17.9379,71.62,98,100,4.25,SE,overcast clouds,2022-06-29 20:00:12
446,Brokopondo,4.75,-55.1667,74.86,92,100,2.24,SR,light rain,2022-06-29 20:00:13
447,Abnub,27.2696,31.1511,86.43,32,0,10.49,EG,clear sky,2022-06-29 20:00:13
448,Tokur,53.1333,132.9,55.99,83,8,2.06,RU,clear sky,2022-06-29 20:00:14
449,Smolenskoye,52.3044,85.0781,68.0,57,100,15.57,RU,overcast clouds,2022-06-29 20:00:14
450,Buala,-8.145,159.5921,80.19,83,9,9.42,SB,clear sky,2022-06-29 20:00:15
451,Dax,43.75,-1.1667,65.39,93,75,4.61,FR,light rain,2022-06-29 20:00:15
452,Weyburn,49.6668,-103.8511,83.79,30,99,13.76,CA,overcast clouds,2022-06-29 20:00:16
453,Maloy,61.9353,5.1136,65.93,86,27,6.8,NO,scattered clouds,2022-06-29 20:00:17
454,Khandyga,62.6667,135.6,58.8,96,100,2.35,RU,moderate rain,2022-06-29 20:00:17
455,Kepno,51.2784,17.9891,68.77,92,98,6.78,PL,moderate rain,2022-06-29 20:00:18
456,Santiago De Chuco,-8.15,-78.1833,63.21,26,0,4.0,PE,clear sky,2022-06-29 20:00:19
457,Harlingen,26.1906,-97.6961,91.98,84,90,18.61,US,overcast clouds,2022-06-29 19:59:51
458,Sena Madureira,-9.0656,-68.6569,91.83,30,0,3.65,BR,clear sky,2022-06-29 20:00:19
459,Pacific Grove,36.6177,-121.9166,78.39,80,40,11.5,US,scattered clouds,2022-06-29 20:00:20
460,Nelson Bay,-32.7167,152.15,55.0,93,100,7.0,AU,overcast clouds,2022-06-29 20:00:21
461,Biloela,-24.4167,150.5,55.06,90,95,5.5,AU,overcast clouds,2022-06-29 19:58:10
462,Winsum,53.33,6.5208,75.22,81,9,6.02,NL,clear sky,2022-06-29 20:00:22
463,Polunochnoye,60.8697,60.4153,43.84,80,78,8.84,RU,broken clouds,2022-06-29 20:00:22
464,Margate,51.3813,1.3862,62.87,78,99,4.0,GB,light rain,2022-06-29 20:00:23
465,Denpasar,-8.65,115.2167,78.46,89,40,9.22,ID,light rain,2022-06-29 20:00:05
466,Kedrovyy,56.1667,91.8167,52.21,77,93,5.01,RU,overcast clouds,2022-06-29 20:00:24
467,Letka,59.6011,49.4232,50.23,70,82,6.98,RU,broken clouds,2022-06-29 20:00:25
468,Santa Maria Del Oro,25.9333,-105.3667,79.36,35,80,8.16,MX,light rain,2022-06-29 20:00:25
469,Ximei,24.9639,118.3794,76.53,88,61,2.33,CN,broken clouds,2022-06-29 20:00:26
470,Tubmanburg,6.8708,-10.8172,74.88,94,91,3.09,LR,light rain,2022-06-29 20:00:26
471,Kargil,34.5667,76.1,64.78,42,0,6.31,IN,clear sky,2022-06-29 20:00:27
472,Bairnsdale,-37.8333,147.6167,44.06,92,100,2.73,AU,overcast clouds,2022-06-29 20:00:27
473,Port Augusta,-32.5,137.7667,45.57,90,5,5.32,AU,clear sky,2022-06-29 20:00:28
474,Kalispell,48.1958,-114.3129,69.3,42,88,12.19,US,overcast clouds,2022-06-29 20:00:29
475,Mama,58.3106,112.8986,64.76,96,100,3.65,RU,light rain,2022-06-29 20:00:29
476,Talara,-4.5772,-81.2719,66.54,76,1,15.43,PE,clear sky,2022-06-29 20:00:30
477,Usinsk,65.9939,57.5281,40.28,81,98,13.53,RU,overcast clouds,2022-06-29 20:00:30
478,Cooma,-36.2333,149.1333,38.97,82,100,2.89,AU,overcast clouds,2022-06-29 20:00:31
479,Havre-Saint-Pierre,50.2334,-63.5986,63.18,61,5,7.63,CA,clear sky,2022-06-29 20:00:32
480,Mahanje,-9.9333,35.3333,56.19,90,36,2.91,TZ,scattered clouds,2022-06-29 20:00:32
481,Terra Santa,-2.1042,-56.4869,85.01,64,85,2.62,BR,overcast clouds,2022-06-29 20:00:33
482,Pleshanovo,52.8333,53.4833,53.64,71,100,4.83,RU,overcast clouds,2022-06-29 20:00:33
483,Misratah,32.3754,15.0925,85.62,46,6,10.83,LY,clear sky,2022-06-29 20:00:33
484,Taltal,-25.4,-70.4833,64.49,65,24,1.92,CL,few clouds,2022-06-29 20:00:34
485,Kupang,-10.1667,123.5833,76.91,86,99,16.64,ID,overcast clouds,2022-06-29 20:00:34
486,Byron Bay,-28.65,153.6167,54.95,86,100,4.52,AU,overcast clouds,2022-06-29 20:00:35
487,Grants,35.1473,-107.8514,80.83,22,2,4.61,US,clear sky,2022-06-29 20:00:36
488,Owando,-0.4819,15.8999,74.79,68,100,2.89,CG,overcast clouds,2022-06-29 20:00:36
489,Santiago Del Estero,-27.7951,-64.2615,74.98,23,0,14.43,AR,clear sky,2022-06-29 20:00:37
490,Chabahar,25.2919,60.643,83.55,84,93,5.48,IR,overcast clouds,2022-06-29 20:00:37
491,Motril,36.7507,-3.5179,70.27,70,0,4.47,ES,clear sky,2022-06-29 20:00:38
492,Taguatinga,-12.3857,-46.5711,86.94,22,1,3.56,BR,clear sky,2022-06-29 20:00:38
493,Muros,42.7762,-9.0603,63.84,63,94,11.36,ES,overcast clouds,2022-06-29 20:00:39
494,Ostrovnoy,68.0531,39.5131,52.84,79,43,10.36,RU,scattered clouds,2022-06-29 20:00:39
495,Salinopolis,-0.6136,-47.3561,81.61,79,5,11.92,BR,clear sky,2022-06-29 20:00:40
496,Tandil,-37.3217,-59.1332,59.68,45,100,11.68,AR,overcast clouds,2022-06-29 20:00:40
497,Toktogul,41.8708,72.9402,72.59,53,0,1.61,KG,clear sky,2022-06-29 20:00:40
498,Kamenka,51.3223,42.7678,55.17,73,9,7.34,RU,clear sky,2022-06-29 20:00:41
499,Valparaiso,-33.0393,-71.6273,67.64,72,0,10.36,CL,clear sky,2022-06-29 19:58:15
500,Kungurtug,50.5994,97.5228,50.47,93,0,0.81,RU,clear sky,2022-06-29 20:00:42
501,Chicama,-7.8447,-79.1469,71.53,58,0,9.8,PE,clear sky,2022-06-29 20:00:42
502,Boca Do Acre,-8.7522,-67.3978,91.45,35,12,3.36,BR,few clouds,2022-06-29 19:58:13
503,Garoua Boulai,5.8833,14.55,64.69,96,53,2.28,CM,light rain,2022-06-29 20:00:43
504,Waiuku,-37.25,174.75,56.32,77,0,8.32,NZ,clear sky,2022-06-29 20:00:43
505,Piranshahr,36.701,45.1413,65.98,24,0,3.44,IR,clear sky,2022-06-29 20:00:43
506,Port Blair,11.6667,92.75,81.7,81,100,9.91,IN,overcast clouds,2022-06-29 20:00:44
507,Eufaula,31.8913,-85.1455,95.32,57,20,10.36,US,thunderstorm,2022-06-29 20:00:44
508,Saint-Joseph,-21.3667,55.6167,66.58,73,58,13.0,RE,broken clouds,2022-06-29 20:00:45
509,Gorontalo,0.5412,123.0595,74.03,94,85,2.93,ID,overcast clouds,2022-06-29 20:00:45
510,Libertador General San Martin,-23.8064,-64.7876,69.98,33,0,5.19,AR,clear sky,2022-06-29 20:00:46
511,Cheremkhovo,53.1561,103.0675,60.06,82,100,2.35,RU,overcast clouds,2022-06-29 20:00:46
512,Zhuhai,22.2769,113.5678,84.85,89,20,9.22,CN,few clouds,2022-06-29 20:00:46
513,Camabatela,-8.1881,15.375,64.24,42,97,2.19,AO,overcast clouds,2022-06-29 20:00:47
514,Tezu,27.9167,96.1667,74.23,98,100,2.1,IN,overcast clouds,2022-06-29 20:00:47
515,Iqaluit,63.7506,-68.5145,45.66,54,87,5.99,CA,overcast clouds,2022-06-29 20:00:13
516,Kirakira,-10.4544,161.9205,81.14,81,32,13.42,SB,scattered clouds,2022-06-29 20:00:48
517,Kayseri,38.737,35.4968,66.22,68,75,0.0,TR,broken clouds,2022-06-29 20:00:48
518,Taksimo,56.3444,114.8794,62.94,94,60,0.98,RU,broken clouds,2022-06-29 20:00:49
519,Goderich,43.7501,-81.7165,63.91,87,26,8.43,CA,scattered clouds,2022-06-29 19:58:33
520,Vaasa,63.096,21.6158,72.28,78,0,2.3,FI,clear sky,2022-06-29 20:00:49
521,Lazaro Cardenas,17.9583,-102.2,85.24,64,100,1.77,MX,overcast clouds,2022-06-29 20:00:49
522,Antofagasta,-23.65,-70.4,60.08,75,15,4.81,CL,few clouds,2022-06-29 19:58:11
523,Chapais,49.7834,-74.8492,63.37,35,47,9.66,CA,scattered clouds,2022-06-29 20:00:50
524,Milkovo,54.7167,158.6167,63.5,64,94,1.95,RU,overcast clouds,2022-06-29 20:00:50
525,Intibuca,14.3167,-88.1667,71.35,60,86,6.67,HN,overcast clouds,2022-06-29 20:00:51
526,Sao Joao Da Barra,-21.6403,-41.0511,72.21,73,4,15.17,BR,clear sky,2022-06-29 20:00:51
527,Rajbiraj,26.5333,86.75,76.73,95,100,7.87,NP,overcast clouds,2022-06-29 20:00:52
528,Leh,34.1667,77.5833,65.75,29,0,6.91,IN,clear sky,2022-06-29 20:00:52
529,Saint-Louis,16.3333,-15.0,100.94,22,41,8.08,SN,scattered clouds,2022-06-29 20:00:53
530,Cabot,34.9745,-92.0165,91.02,32,0,7.43,US,clear sky,2022-06-29 20:00:53
531,Bertoua,4.5833,13.6833,67.66,96,78,1.48,CM,light rain,2022-06-29 20:00:54
532,Aklavik,68.2191,-135.0107,60.91,62,45,16.51,CA,scattered clouds,2022-06-29 20:00:54
533,Muhos,64.808,25.9931,74.98,67,0,5.06,FI,clear sky,2022-06-29 20:00:55
534,Teshie,5.5836,-0.1072,77.88,87,100,10.76,GH,overcast clouds,2022-06-29 20:00:55
535,Poddorye,57.4695,31.1156,62.1,57,0,5.35,RU,clear sky,2022-06-29 20:00:55
536,Luanda,-8.8368,13.2343,71.6,88,20,8.05,AO,few clouds,2022-06-29 19:59:58
537,Svetlogorsk,52.6333,29.7333,64.15,93,95,2.62,BY,overcast clouds,2022-06-29 20:00:56
538,Tual,-5.6667,132.75,80.76,79,48,10.6,ID,scattered clouds,2022-06-29 20:00:56
539,Launceston,-41.45,147.1667,43.16,97,17,2.3,AU,few clouds,2022-06-29 19:57:01
540,Port Keats,-14.25,129.55,64.29,74,87,13.02,AU,overcast clouds,2022-06-29 20:00:57
541,Gamba,-2.65,10.0,70.61,93,100,5.23,GA,overcast clouds,2022-06-29 20:00:58
542,Coihaique,-45.5752,-72.0662,36.91,86,8,6.24,CL,clear sky,2022-06-29 20:00:58
543,Bud,39.447,-86.1758,87.75,39,0,2.1,US,clear sky,2022-06-29 20:00:59
544,Ketchikan,55.3422,-131.6461,58.41,89,100,3.29,US,overcast clouds,2022-06-29 20:00:59
545,Miyang,24.4042,103.4428,64.29,93,42,4.88,CN,scattered clouds,2022-06-29 20:00:59
546,Khovu-Aksy,51.1333,93.6,57.51,68,0,4.85,RU,clear sky,2022-06-29 20:01:00
547,Serafimovich,49.5786,42.736,62.49,56,39,7.4,RU,scattered clouds,2022-06-29 20:01:01
548,Gorgan,36.8387,54.4348,76.17,73,3,4.41,IR,clear sky,2022-06-29 20:01:01
549,Kandrian,-6.2167,149.55,77.09,88,85,7.29,PG,overcast clouds,2022-06-29 20:01:02
550,Durres,41.3231,19.4414,78.98,78,0,4.68,AL,clear sky,2022-06-29 20:01:02
551,Kholm,59.2667,32.85,59.32,59,43,3.96,RU,scattered clouds,2022-06-29 20:01:03
552,Virginia Beach,36.8529,-75.978,88.02,53,94,5.01,US,overcast clouds,2022-06-29 19:59:37
553,Chilca,-12.5211,-76.7372,64.27,76,2,9.71,PE,clear sky,2022-06-29 20:01:04
554,Juli,-16.2167,-69.45,51.37,40,0,9.06,PE,clear sky,2022-06-29 20:01:04
555,Umm Kaddadah,13.6017,26.6876,86.54,39,87,5.53,SD,overcast clouds,2022-06-29 20:01:05
556,Marzuq,14.4,46.4667,82.71,16,92,2.28,YE,overcast clouds,2022-06-29 20:01:05
557,Dunedin,-45.8742,170.5036,45.81,73,100,1.99,NZ,overcast clouds,2022-06-29 20:01:06
558,Coahuayana,18.7333,-103.6833,89.15,57,85,5.61,MX,overcast clouds,2022-06-29 20:01:06
559,Puerto Guzman,0.9703,-76.5858,82.08,70,47,3.36,CO,scattered clouds,2022-06-29 20:01:07
560,Husavik,66.0449,-17.3389,51.46,85,90,4.43,IS,overcast clouds,2022-06-29 20:01:07
561,Uhlove,44.8215,33.6045,68.02,79,0,2.53,UA,clear sky,2022-06-29 20:01:07
562,Zaranj,30.9667,61.8833,100.36,8,18,14.61,AF,few clouds,2022-06-29 19:59:16
563,Obo,5.3998,26.4869,67.87,96,100,2.95,CF,light rain,2022-06-29 20:01:08
564,Sibolga,1.7427,98.7792,75.24,85,100,1.97,ID,overcast clouds,2022-06-29 20:01:08
565,Yar-Sale,66.8333,70.8333,45.23,62,100,20.92,RU,overcast clouds,2022-06-29 20:01:09
566,Peleduy,59.6289,112.7406,58.96,90,100,1.54,RU,overcast clouds,2022-06-29 20:01:09
567,Dargaville,-35.9333,173.8833,56.43,83,45,16.69,NZ,scattered clouds,2022-06-29 20:01:10
568,Amapa,1.0,-52.0,75.45,85,100,2.71,BR,overcast clouds,2022-06-29 20:01:11
569,Svarstad,59.399,9.9698,64.76,1,87,2.44,NO,overcast clouds,2022-06-29 20:01:11
570,Aksarka,66.5606,67.7975,40.59,74,47,19.28,RU,scattered clouds,2022-06-29 20:01:12
571,Saskylakh,71.9167,114.0833,49.33,48,38,6.4,RU,scattered clouds,2022-06-29 20:01:12
572,Labe,11.3182,-12.2833,71.13,82,99,4.45,GN,overcast clouds,2022-06-29 20:01:13
573,Gari,59.4307,62.3497,45.37,78,97,4.43,RU,overcast clouds,2022-06-29 20:01:13
574,Barcelos,41.5388,-8.6151,63.91,73,96,11.9,PT,overcast clouds,2022-06-29 20:00:48
575,Qeshm,26.9581,56.2719,91.27,82,14,6.67,IR,few clouds,2022-06-29 20:01:13
576,Maarianhamina,60.0973,19.9348,71.46,88,75,10.36,AX,broken clouds,2022-06-29 20:01:14
577,Anadyr,64.75,177.4833,48.0,81,43,8.01,RU,scattered clouds,2022-06-29 20:01:14
578,Sangar,63.9242,127.4739,56.17,85,99,2.39,RU,overcast clouds,2022-06-29 20:01:15
579,Krasnoselkup,65.7,82.4667,52.29,86,100,3.18,RU,overcast clouds,2022-06-29 20:01:15
580,Arlit,18.7369,7.3853,95.56,17,72,10.45,NE,broken clouds,2022-06-29 20:01:16
581,Lakatoro,-16.0999,167.4164,78.6,81,72,13.69,VU,broken clouds,2022-06-29 20:01:16
582,Nouadhibou,20.931,-17.0347,69.66,77,0,26.89,MR,clear sky,2022-06-29 20:01:16
583,Kaniama,-7.5667,24.1833,68.54,46,69,4.52,CD,broken clouds,2022-06-29 20:01:17
584,Craig,40.5153,-107.5464,80.22,23,93,12.19,US,overcast clouds,2022-06-29 20:01:17
585,Lang Suan,9.9456,99.0785,78.03,88,89,4.54,TH,overcast clouds,2022-06-29 20:01:18
586,Coruripe,-10.1256,-36.1756,74.95,77,66,7.76,BR,broken clouds,2022-06-29 20:01:06
587,Dombarovskiy,50.7587,59.5386,53.31,61,81,10.51,RU,broken clouds,2022-06-29 20:01:18
588,Boyolangu,-8.1181,111.8935,72.81,92,96,2.33,ID,light rain,2022-06-29 20:01:19
589,Broome,42.2506,-75.833,79.66,47,100,4.0,US,overcast clouds,2022-06-29 20:01:19
590,Henties Bay,-22.116,14.2845,69.21,47,11,7.81,NA,few clouds,2022-06-29 20:01:20
591,Rio Gallegos,-51.6226,-69.2181,36.86,74,17,15.01,AR,few clouds,2022-06-29 20:01:20
592,Hambantota,6.1241,81.1185,80.1,81,96,17.9,LK,overcast clouds,2022-06-29 20:01:20
593,Kieta,-6.2167,155.6333,78.31,84,72,7.45,PG,light rain,2022-06-29 20:01:21
594,Tayu,-6.5397,111.0518,73.33,78,15,8.63,ID,few clouds,2022-06-29 20:01:21
595,Asfi,32.2994,-9.2372,68.41,79,0,18.45,MA,clear sky,2022-06-29 20:01:22
596,Colesberg,-30.72,25.0972,46.8,39,0,3.42,ZA,clear sky,2022-06-29 20:01:22
597,Port Lincoln,-34.7333,135.8667,56.59,63,99,17.07,AU,overcast clouds,2022-06-29 20:00:09
598,Mallapuram,11.9667,78.25,76.3,76,100,4.85,IN,overcast clouds,2022-06-29 20:01:23
599,Paamiut,61.994,-49.6678,37.36,98,100,20.24,GL,moderate rain,2022-06-29 20:01:23
600,Haradok,55.4624,29.9816,68.23,91,0,5.53,BY,clear sky,2022-06-29 20:01:23
601,Pundaguitan,6.3711,126.1689,82.31,77,100,7.65,PH,overcast clouds,2022-06-29 20:01:24
602,Rocha,-34.4833,-54.3333,55.72,67,100,7.34,UY,overcast clouds,2022-06-29 20:01:24
603,Halifax,44.6453,-63.5724,76.51,62,100,11.5,CA,overcast clouds,2022-06-29 19:58:00
604,Lazurne,46.084,32.5295,73.87,67,3,8.01,UA,clear sky,2022-06-29 20:01:24
605,Duluth,46.7833,-92.1066,78.06,61,0,6.91,US,clear sky,2022-06-29 20:01:08
606,Alekseyevskoye,55.3071,50.1135,53.13,79,0,7.18,RU,clear sky,2022-06-29 20:01:25
607,Ixtapa,20.7,-105.2,84.22,75,100,5.01,MX,overcast clouds,2022-06-29 20:01:25
608,Grand Gaube,-20.0064,57.6608,67.37,68,90,3.0,MU,overcast clouds,2022-06-29 20:01:26
609,Almaznyy,48.0448,40.045,62.87,50,3,8.59,RU,clear sky,2022-06-29 20:01:26
610,Lerici,44.0759,9.9112,72.75,85,5,3.0,IT,clear sky,2022-06-29 20:01:27
611,Mendi,-6.1761,143.6513,47.26,78,89,5.3,PG,overcast clouds,2022-06-29 20:01:27
612,Necochea,-38.5473,-58.7368,56.73,60,100,16.93,AR,light rain,2022-06-29 20:01:27
613,Xichang,27.8964,102.2634,64.42,88,81,2.46,CN,broken clouds,2022-06-29 20:01:28
614,Huamachuco,-7.8,-78.0667,62.08,26,0,6.35,PE,clear sky,2022-06-29 20:01:28
615,Inirida,3.8653,-67.9239,81.99,83,58,2.59,CO,broken clouds,2022-06-29 20:01:28
616,Mahanoro,-19.9,48.8,66.34,84,92,2.82,MG,light rain,2022-06-29 20:01:29
617,Aguimes,27.9054,-15.4461,69.66,64,75,26.46,ES,broken clouds,2022-06-29 20:01:29
618,Millbrook,32.4799,-86.3619,92.32,64,75,0.0,US,broken clouds,2022-06-29 19:59:05
619,Bukama,-9.2,25.85,69.58,45,64,2.75,CD,broken clouds,2022-06-29 20:01:30
620,Kuragino,53.8975,92.6725,57.9,81,39,4.47,RU,scattered clouds,2022-06-29 20:01:30
621,Choix,26.7092,-108.3219,96.44,37,8,8.3,MX,clear sky,2022-06-29 20:01:30
622,Najran,17.4924,44.1277,83.7,17,100,1.74,SA,overcast clouds,2022-06-29 20:01:31
623,Talcahuano,-36.7167,-73.1167,52.92,82,6,10.0,CL,clear sky,2022-06-29 20:01:31
624,Ovre Ardal,61.3167,7.8,81.48,54,4,4.85,NO,clear sky,2022-06-29 20:01:32
625,Labuhan,-6.8844,112.2051,75.06,83,27,11.34,ID,scattered clouds,2022-06-29 20:01:32
626,Sinnamary,5.3833,-52.95,73.94,94,100,4.74,GF,light rain,2022-06-29 20:01:32
627,Champerico,14.3,-91.9167,90.14,74,100,6.91,GT,overcast clouds,2022-06-29 19:59:37
628,Baft,29.234,56.6057,77.36,10,15,7.81,IR,few clouds,2022-06-29 20:01:33
629,Nizhniy Kuranakh,58.8353,125.4869,64.35,96,100,3.67,RU,overcast clouds,2022-06-29 20:01:33
630,Lebedinyy,58.5167,125.5167,62.6,91,100,1.32,RU,light rain,2022-06-29 20:01:34
631,Ortakoy,38.7373,34.0387,64.65,65,11,2.13,TR,few clouds,2022-06-29 20:01:34
632,Pindobacu,-10.7417,-40.3608,78.08,44,6,5.55,BR,clear sky,2022-06-29 20:01:35
633,Suoyarvi,62.0833,32.35,57.33,66,10,3.22,RU,clear sky,2022-06-29 20:01:35
634,Bulungu,-4.55,18.6,73.65,42,66,0.45,CD,broken clouds,2022-06-29 20:01:35
635,Pangody,65.85,74.4859,50.38,64,100,14.94,RU,overcast clouds,2022-06-29 20:01:36
636,Tilichiki,60.4667,166.1,47.62,90,100,4.52,RU,overcast clouds,2022-06-29 20:01:36
637,George,-33.963,22.4617,61.57,46,91,7.58,ZA,overcast clouds,2022-06-29 20:01:37
638,Puerto Madryn,-42.7692,-65.0385,46.94,55,2,31.05,AR,clear sky,2022-06-29 20:01:12
639,Altamira,-3.2033,-52.2064,84.36,69,59,0.72,BR,broken clouds,2022-06-29 20:01:38
640,Floro,61.5996,5.0328,68.07,55,0,8.05,NO,clear sky,2022-06-29 20:01:38
641,Kizukuri,40.8061,140.3861,73.94,99,100,9.35,JP,overcast clouds,2022-06-29 20:01:39
642,Abashiri,44.0213,144.2697,51.94,92,40,3.62,JP,scattered clouds,2022-06-29 20:01:39
643,Camacha,33.0833,-16.3333,67.42,78,40,16.11,PT,scattered clouds,2022-06-29 20:01:40
644,Flinders,-34.5833,150.8552,53.38,76,100,1.99,AU,overcast clouds,2022-06-29 20:01:40
645,Igarka,67.4667,86.5833,52.88,85,100,2.37,RU,overcast clouds,2022-06-29 20:01:40
646,Sabang,5.8933,95.3214,82.81,71,99,26.73,ID,overcast clouds,2022-06-29 20:01:41
647,Sillod,20.3,75.65,78.19,80,100,10.71,IN,overcast clouds,2022-06-29 20:01:41
648,Shestakovo,56.4915,103.96,63.12,58,100,0.81,RU,overcast clouds,2022-06-29 20:01:42
649,Resistencia,-27.4606,-58.9839,64.09,68,0,11.5,AR,clear sky,2022-06-29 19:58:31
650,Ponot,8.452,123.0222,78.96,83,100,3.58,PH,moderate rain,2022-06-29 20:01:42
651,Guarapari,-20.6667,-40.4975,74.89,70,0,13.91,BR,clear sky,2022-06-29 20:01:43
652,Killybegs,54.6333,-8.45,55.11,87,63,6.91,IE,broken clouds,2022-06-29 20:01:43
653,Gore,-46.1028,168.9436,42.87,84,100,4.9,NZ,light rain,2022-06-29 20:01:44
654,Mildura,-34.2,142.15,40.06,85,8,6.51,AU,clear sky,2022-06-29 19:59:48
655,Nhulunbuy,-12.2333,136.7667,75.81,94,75,11.5,AU,light rain,2022-06-29 20:01:35
656,Kaseda,31.4167,130.3167,77.23,92,2,5.88,JP,clear sky,2022-06-29 20:01:44
657,Gravdal,68.1214,13.5031,51.94,91,95,7.16,NO,overcast clouds,2022-06-29 20:01:45
658,Altay,47.8667,88.1167,66.99,28,58,7.14,CN,broken clouds,2022-06-29 20:01:45
659,Eirunepe,-6.6603,-69.8736,85.3,54,87,3.2,BR,overcast clouds,2022-06-29 20:01:46
660,Bure,10.7,37.0667,57.06,97,100,3.24,ET,moderate rain,2022-06-29 20:01:46
661,Cananeia,-25.0147,-47.9267,65.26,76,1,7.18,BR,clear sky,2022-06-29 20:01:46
662,Te Anau,-45.4167,167.7167,45.82,93,100,6.93,NZ,light rain,2022-06-29 20:01:47
663,Catuday,16.2923,119.8062,77.36,88,100,17.92,PH,overcast clouds,2022-06-29 20:01:47
664,Simpang,-1.2667,104.0833,73.29,97,100,4.18,ID,overcast clouds,2022-06-29 20:01:48
665,Trojanovice,49.5204,18.238,75.61,78,13,5.75,CZ,few clouds,2022-06-29 20:01:48
666,Traverse City,44.7631,-85.6206,78.73,41,75,9.22,US,broken clouds,2022-06-29 20:01:29
667,Smidovich,48.6,133.8167,65.14,91,21,3.94,RU,few clouds,2022-06-29 20:01:49
668,Trelew,-43.249,-65.3051,45.93,55,9,24.58,AR,clear sky,2022-06-29 19:57:33
669,La Libertad,-2.2333,-80.9,71.58,77,10,11.59,EC,clear sky,2022-06-29 20:01:49
670,Scarborough,54.2797,-0.4044,61.92,82,100,4.0,GB,overcast clouds,2022-06-29 20:01:50
671,Los Llanos De Aridane,28.6585,-17.9182,67.75,82,20,20.71,ES,few clouds,2022-06-29 20:00:46
672,Fare,-16.7,-151.0167,79.68,71,14,20.36,PF,light rain,2022-06-29 20:01:50
673,North Platte,41.1239,-100.7654,101.12,20,0,18.99,US,clear sky,2022-06-29 20:01:51
674,Fredericton,45.9454,-66.6656,80.42,38,0,11.5,CA,clear sky,2022-06-29 19:59:52
675,San Buenaventura,27.0833,-101.5333,93.47,34,6,11.5,MX,clear sky,2022-06-29 20:01:51
676,Krasnyy Kut,50.95,46.9667,55.06,67,42,6.22,RU,scattered clouds,2022-06-29 20:01:52
677,Caucaia,-3.7361,-38.6531,82.35,68,75,6.91,BR,broken clouds,2022-06-29 19:58:10
678,Visby,57.6409,18.296,67.82,94,40,3.44,SE,scattered clouds,2022-06-29 20:01:52
679,Bani,18.2833,-70.3333,87.85,56,100,16.46,DO,overcast clouds,2022-06-29 20:01:53
680,Davila,18.4726,120.5763,80.02,85,100,4.29,PH,overcast clouds,2022-06-29 20:01:53
681,Navahrudak,53.6,25.8333,65.34,93,93,5.01,BY,overcast clouds,2022-06-29 20:01:53
